policyID,statecode,county,eq_site_limit,hu_site_limit,fl_site_limit,fr_site_limit,tiv_2011,tiv_2012,eq_site_deductible,hu_site_deductible,fl_site_deductible,fr_site_deductible,point_latitude,point_longitude,line,construction,point_granularity
352290,FL,ST  JOHNS COUNTY,1836,1836,1836,1836,1836,3061.31,0,0,0,0,30.16474,-81.39129,Residential,Wood,1
400096,FL,ST  JOHNS COUNTY,57249,57249,57249,57249,57249,80276.38,0,0,0,0,30.215786,-81.381325,Residential,Wood,4
940268,FL,ST  JOHNS COUNTY,113436,113436,113436,113436,113436,112971.37,0,0,0,0,30.215786,-81.381325,Residential,Wood,4
301031,FL,ST  JOHNS COUNTY,34659,34659,34659,34659,34659,51461.61,0,0,0,0,30.215786,-81.381325,Residential,Wood,4
217378,FL,ST  JOHNS COUNTY,34929,34929,34929,34929,34929,45942.81,0,0,0,0,30.215786,-81.381325,Residential,Wood,4
455667,FL,ST  JOHNS COUNTY,2754,2754,2754,2754,2754,3494.17,0,0,0,0,30.215786,-81.381325,Residential,Wood,4
780296,FL,ST  JOHNS COUNTY,1935,1935,1935,1935,1935,3351.98,0,38.7,0,0,30.215786,-81.381325,Residential,Wood,4
889509,FL,ST  JOHNS COUNTY,2754,2754,2754,2754,2754,3608.84,0,0,0,0,30.215786,-81.381325,Residential,Wood,4
543467,FL,ST  JOHNS COUNTY,3735,3735,3735,3735,3735,5087.34,0,74.7,0,0,30.16177,-81.39027,Residential,Wood,1
898563,FL,ST  JOHNS COUNTY,74331,74331,74331,74331,74331,117445.95,0,0,0,0,30.16177,-81.39027,Residential,Wood,1
453122,FL,ST  JOHNS COUNTY,74331,74331,74331,74331,74331,106865.38,0,0,0,0,30.16177,-81.39027,Residential,Wood,1
892997,FL,ST  JOHNS COUNTY,74331,74331,74331,74331,74331,95894.42,0,0,0,0,30.16177,-81.39027,Residential,Wood,1
406909,FL,ST  JOHNS COUNTY,1107,1107,1107,1107,1107,1647.86,0,0,0,0,30.16177,-81.39027,Residential,Wood,1
597721,FL,ST  JOHNS COUNTY,282573,282573,282573,282573,282573,274152.32,0,0,0,0,30.16177,-81.39027,Residential,Wood,1
413465,FL,ST  JOHNS COUNTY,549,549,549,549,549,837.07,0,0,0,0,30.16177,-81.39027,Residential,Wood,1
505886,FL,ST  JOHNS COUNTY,5508,5508,5508,5508,5508,8073.82,0,0,0,0,30.16177,-81.39027,Residential,Wood,1
989269,FL,ST  JOHNS COUNTY,675,675,675,675,675,849.4,0,13.5,0,0,30.16177,-81.39027,Residential,Wood,1
724533,FL,ST  JOHNS COUNTY,0,18540000,0,18540000,18540000,14850000,0,0,0,0,30.25144,-81.3959,Commercial,Reinforced Concrete,1
113070,FL,ST  JOHNS COUNTY,557432.1,557432.1,0,0,557432.1,717207.75,0,0,0,0,30.21428,-81.37853,Residential,Masonry,1
246966,FL,ST  JOHNS COUNTY,5670,5670,5670,5670,5670,4331.17,0,283.5,0,0,30.21344,-81.37778,Residential,Wood,1
270693,FL,ST  JOHNS COUNTY,1732500,1732500,1732500,1732500,1732500,1451152.4,0,8999.1,0,0,30.252184,-81.417732,Residential,Masonry,1
171637,FL,ST  JOHNS COUNTY,1899387,1899387,1899387,1899387,1899387,2499783.23,0,0,0,0,29.968357,-81.309982,Commercial,Reinforced Masonry,1
931285,FL,ST  JOHNS COUNTY,0,862434.11,0,0,862434.11,1489186.54,0,0,0,0,30.16523,-81.38043,Residential,Masonry,1
958269,FL,ST  JOHNS COUNTY,0,206833.24,0,0,206833.24,285714.68,0,0,0,0,30.212973,-81.383026,Residential,Wood,1
479436,FL,ST  JOHNS COUNTY,0,76426.17,0,0,76426.17,90038.59,0,0,0,0,30.194523,-81.40464,Residential,Wood,1
603012,FL,ST  JOHNS COUNTY,0,574240,0,0,574240,796017.23,0,0,0,0,30.194523,-81.40464,Residential,Masonry,1
745546,FL,ST  JOHNS COUNTY,0,78558.47,0,0,78558.47,112062.25,0,0,0,0,30.194523,-81.40464,Residential,Wood,1
675553,FL,ST  JOHNS COUNTY,0,39279.24,0,0,39279.24,35401.28,0,0,0,0,30.194523,-81.40464,Residential,Wood,1
259171,FL,ST  JOHNS COUNTY,0,39279.24,0,0,39279.24,40360.52,0,0,0,0,30.194523,-81.40464,Residential,Wood,1
225244,FL,ST  JOHNS COUNTY,0,39279.24,0,0,39279.24,64327.61,0,0,0,0,30.194523,-81.40464,Residential,Wood,1
845968,FL,ST  JOHNS COUNTY,0,39279.24,0,0,39279.24,55937.56,0,0,0,0,30.194523,-81.40464,Residential,Wood,1
138896,FL,ST  JOHNS COUNTY,0,103918.27,0,0,103918.27,134341.38,0,0,0,0,30.1983,-81.3839,Residential,Wood,4
333908,FL,ST  JOHNS COUNTY,0,67335.83,0,0,67335.83,54459.88,0,0,0,0,30.1983,-81.3839,Residential,Wood,4
691453,FL,ST  JOHNS COUNTY,0,155433.55,0,0,155433.55,250193.62,0,0,0,0,30.18786,-81.384766,Residential,Wood,1
575150,FL,ST  JOHNS COUNTY,0,39279.24,0,0,39279.24,50964.1,0,0,0,0,30.18786,-81.384766,Residential,Wood,1
439688,FL,ST  JOHNS COUNTY,0,39279.24,0,0,39279.24,46654.31,0,0,0,0,30.18786,-81.384766,Residential,Wood,1
921842,FL,ST  JOHNS COUNTY,0,39279.24,0,0,39279.24,59618.58,0,0,0,0,30.18786,-81.384766,Residential,Wood,1
435330,FL,ST  JOHNS COUNTY,0,39279.24,0,0,39279.24,56505.54,0,0,0,0,30.18786,-81.384766,Residential,Wood,1
132865,FL,ST  JOHNS COUNTY,0,5611.32,0,0,5611.32,8349.26,0,0,0,0,30.17754,-81.39828,Residential,Wood,1
642061,FL,UNION COUNTY,88508.7,88508.7,88508.7,88508.7,88508.7,133692.39,0,0,0,0,28.511848,-81.155983,Residential,Wood,4
623689,FL,UNION COUNTY,0,818872.99,0,0,818872.99,1155925.21,0,0,0,0,30.0756,-82.2185,Residential,Masonry,4
992919,FL,ST  JOHNS COUNTY,463590,463590,463590,463590,463590,599099.21,0,0,0,0,29.889009,-81.314674,Residential,Masonry,1
569166,FL,ST  JOHNS COUNTY,8550,8550,8550,8550,8550,11431.49,0,0,0,0,29.89504,-81.31506,Residential,Wood,1
951214,FL,ST  JOHNS COUNTY,0,146096.28,0,0,146096.28,242344.51,0,0,0,0,29.871906,-81.323357,Residential,Wood,1
365016,FL,ST  JOHNS COUNTY,0,30513.78,0,0,30513.78,50955.57,0,0,0,0,29.871906,-81.323357,Residential,Wood,1
992740,FL,ST  JOHNS COUNTY,0,312535.08,0,0,312535.08,364365.9,0,0,0,0,29.916275,-81.368683,Residential,Wood,1
739949,FL,ST  JOHNS COUNTY,0,13869.9,0,13869.9,13869.9,19992.63,0,0,0,0,29.916275,-81.368683,Residential,Wood,1
874599,FL,ST  JOHNS COUNTY,0,446610.78,0,0,446610.78,567372.1,0,0,0,0,29.89054,-81.32803,Residential,Masonry,1
860965,FL,ST  JOHNS COUNTY,0,188630.64,0,0,188630.64,193970.02,0,0,0,0,29.886446,-81.327423,Residential,Wood,3
330165,FL,ST  JOHNS COUNTY,0,137774.34,0,0,137774.34,181217.34,0,0,0,0,29.87978,-81.33064,Residential,Wood,1
650181,FL,ST  JOHNS COUNTY,0,60102.9,0,60102.9,60102.9,77446.19,0,0,0,0,29.882219,-81.330658,Residential,Wood,1
749222,FL,ST  JOHNS COUNTY,0,60102.9,0,60102.9,60102.9,63726.5,0,0,0,0,29.882219,-81.330658,Residential,Wood,1
178508,FL,ST  JOHNS COUNTY,0,164589.48,0,0,164589.48,212847.12,0,0,0,0,29.882219,-81.330658,Residential,Wood,1
398028,FL,ST  JOHNS COUNTY,0,32363.1,0,32363.1,32363.1,46110.94,0,0,0,0,29.882219,-81.330658,Residential,Wood,1
559266,FL,ST  JOHNS COUNTY,0,60102.9,0,60102.9,60102.9,68220.16,0,0,0,0,29.882219,-81.330658,Residential,Wood,1
705300,FL,ST  JOHNS COUNTY,0,60102.9,0,60102.9,60102.9,59220.59,0,0,0,0,29.882219,-81.330658,Residential,Wood,1
536447,FL,ST  JOHNS COUNTY,0,10171.26,0,0,10171.26,9006.65,0,0,0,0,29.882219,-81.330658,Residential,Wood,1
158793,FL,ST  JOHNS COUNTY,0,11430000,0,11430000,11430000,18720000,0,0,0,0,29.89298,-81.31252,Commercial,Reinforced Concrete,1
831984,FL,ST  JOHNS COUNTY,0,1854867.96,0,0,1854867.96,1649237.3,0,0,0,0,29.89369,-81.311958,Commercial,Reinforced Masonry,1
963320,FL,ST  JOHNS COUNTY,0,74897.46,0,0,74897.46,112961.85,0,0,0,0,29.89754,-81.314745,Residential,Wood,3
107299,FL,ST  JOHNS COUNTY,0,2773.98,0,0,2773.98,3413.38,0,0,0,0,29.88666,-81.315102,Residential,Wood,1
605850,FL,ST  JOHNS COUNTY,0,339350.22,0,0,339350.22,424178.95,0,0,0,0,29.88666,-81.315102,Residential,Wood,1
395298,FL,ST  JOHNS COUNTY,0,3698.64,0,0,3698.64,3928.7,0,0,0,0,29.905378,-81.318512,Residential,Wood,1
670035,FL,ST  JOHNS COUNTY,0,45308.34,0,0,45308.34,34533.34,0,0,0,0,29.89369,-81.311958,Residential,Wood,1
625216,FL,ST  JOHNS COUNTY,0,1918944.45,0,0,1918944.45,2450576.5,0,0,0,0,29.91122,-81.35894,Commercial,Reinforced Masonry,1
397233,FL,ST  JOHNS COUNTY,0,1057957.65,0,0,1057957.65,1063988.01,0,0,0,0,29.91122,-81.35894,Residential,Masonry,1
167116,FL,ST  JOHNS COUNTY,0,168750,0,168750,168750,191230.88,0,0,0,0,29.91122,-81.35894,Residential,Wood,1
451362,FL,ST  JOHNS COUNTY,1294668,1294668,1294668,1294668,1294668,1552792.43,0,0,0,0,29.921185,-81.346649,Residential,Masonry,3
136213,FL,ST  JOHNS COUNTY,21555,21555,21555,21555,21555,31795.78,0,431.1,0,0,29.921185,-81.346649,Residential,Wood,3
582888,FL,ST  JOHNS COUNTY,8532,8532,8532,8532,8532,9276.63,0,0,0,0,29.921185,-81.346649,Residential,Wood,3
771693,FL,ST  JOHNS COUNTY,2952,2952,2952,2952,2952,2543.02,0,0,0,0,29.921185,-81.346649,Residential,Wood,3
441366,FL,ST  JOHNS COUNTY,4749129,4749129,4749129,4749129,4749129,6417735.47,0,0,0,0,29.939441,-81.363613,Commercial,Reinforced Masonry,1
647091,FL,ST  JOHNS COUNTY,117126,117126,117126,117126,117126,155868.47,0,0,0,0,29.939441,-81.363613,Residential,Wood,1
601572,FL,ST  JOHNS COUNTY,249543,249543,249543,249543,249543,402153.02,0,0,0,0,29.939441,-81.363613,Residential,Wood,1
698704,FL,ST  JOHNS COUNTY,266184,266184,266184,266184,266184,315383.32,0,0,0,0,29.939441,-81.363613,Residential,Wood,1
513996,FL,ST  JOHNS COUNTY,3726,3726,3726,3726,3726,4093.31,0,0,0,0,29.939441,-81.363613,Residential,Wood,1
231209,FL,ST  JOHNS COUNTY,3726,3726,3726,3726,3726,5613.68,0,0,0,0,29.939441,-81.363613,Residential,Wood,1
684474,FL,ST  JOHNS COUNTY,74331,74331,74331,74331,74331,75183.2,0,0,0,0,29.921185,-81.346649,Residential,Wood,3
862827,FL,ST  JOHNS COUNTY,1377,1377,1377,1377,1377,1853.99,0,0,0,0,29.921185,-81.346649,Residential,Wood,3
203365,FL,ST  JOHNS COUNTY,2205,2205,2205,2205,2205,3148.16,0,44.1,0,0,29.921185,-81.346649,Residential,Wood,3
389215,FL,ST  JOHNS COUNTY,549,549,549,549,549,535.38,0,0,0,0,29.921185,-81.346649,Residential,Wood,3
748106,FL,ST  JOHNS COUNTY,13239,13239,13239,13239,13239,17574.04,0,0,0,0,29.921185,-81.346649,Residential,Wood,3
998686,FL,ST  JOHNS COUNTY,45504,45504,45504,45504,45504,70679.36,0,0,0,0,29.921185,-81.346649,Residential,Wood,3
917134,FL,ST  JOHNS COUNTY,46125,46125,46125,46125,46125,76154.96,0,922.5,0,0,29.921185,-81.346649,Residential,Wood,3
854991,FL,ST  JOHNS COUNTY,7353,7353,7353,7353,7353,8021.31,0,0,0,0,29.921185,-81.346649,Residential,Wood,3
270478,FL,ST  JOHNS COUNTY,2754,2754,2754,2754,2754,3618.1,0,0,0,0,29.921185,-81.346649,Residential,Wood,3
791159,FL,ST  JOHNS COUNTY,519498,519498,519498,519498,519498,414102.25,0,0,0,0,29.906387,-81.334908,Residential,Masonry,1
381856,FL,ST  JOHNS COUNTY,16443,16443,16443,16443,16443,15920.11,0,0,0,0,29.906387,-81.334908,Residential,Wood,1
862845,FL,ST  JOHNS COUNTY,26595,26595,26595,26595,26595,32679.62,0,531.9,0,0,29.906387,-81.334908,Residential,Wood,1
650764,FL,ST  JOHNS COUNTY,2952,2952,2952,2952,2952,4770.9,0,0,0,0,29.906387,-81.334908,Residential,Wood,1
799393,FL,ST  JOHNS COUNTY,11403,11403,11403,11403,11403,14214.32,0,0,0,0,29.906387,-81.334908,Residential,Wood,1
668169,FL,ST  JOHNS COUNTY,86130,86130,86130,86130,86130,108415.28,0,1722.6,0,0,29.906387,-81.334908,Residential,Wood,1
409123,FL,ST  JOHNS COUNTY,86130,86130,86130,86130,86130,106812.4,0,1722.6,0,0,29.906387,-81.334908,Residential,Wood,1
437215,FL,ST  JOHNS COUNTY,86130,86130,86130,86130,86130,109557.36,0,1722.6,0,0,29.906387,-81.334908,Residential,Wood,1
416022,FL,ST  JOHNS COUNTY,86130,86130,86130,86130,86130,72161.78,0,1722.6,0,0,29.906387,-81.334908,Residential,Wood,1
198890,FL,ST  JOHNS COUNTY,86130,86130,86130,86130,86130,122154.39,0,1722.6,0,0,29.906387,-81.334908,Residential,Wood,1
109952,FL,ST  JOHNS COUNTY,2943,2943,2943,2943,2943,3525.95,0,0,0,0,29.906387,-81.334908,Residential,Wood,1
706975,FL,ST  JOHNS COUNTY,16542,16542,16542,16542,16542,17617.97,0,0,0,0,29.906387,-81.334908,Residential,Wood,1
231215,FL,ST  JOHNS COUNTY,33093,33093,33093,33093,33093,54786.39,0,0,0,0,29.906387,-81.334908,Residential,Wood,1
195370,FL,ST  JOHNS COUNTY,342,342,342,342,342,417.99,0,0,0,0,29.906387,-81.334908,Residential,Wood,1
498459,FL,ST  JOHNS COUNTY,7353,7353,7353,7353,7353,7393.56,0,0,0,0,29.906387,-81.334908,Residential,Wood,1
437327,FL,ST  JOHNS COUNTY,1197,1197,1197,1197,1197,1400.17,0,0,0,0,29.906387,-81.334908,Residential,Wood,1
125310,FL,ST  JOHNS COUNTY,73872,73872,73872,73872,73872,91165.29,0,0,0,0,29.906387,-81.334908,Residential,Wood,1
841542,FL,ST  JOHNS COUNTY,178515,178515,178515,178515,178515,183906.15,0,3570.3,0,0,29.887041,-81.327789,Residential,Wood,1
609192,FL,ST  JOHNS COUNTY,17982,17982,17982,17982,17982,22585.3,0,0,0,0,29.887041,-81.327789,Residential,Wood,1
436819,FL,ST  JOHNS COUNTY,7668,7668,7668,7668,7668,10007.29,0,0,0,0,29.887041,-81.327789,Residential,Wood,1
404396,FL,ST  JOHNS COUNTY,5661,5661,5661,5661,5661,5203.03,0,0,0,0,29.887041,-81.327789,Residential,Wood,1
675631,FL,ST  JOHNS COUNTY,549,549,549,549,549,489.16,0,0,0,0,29.887041,-81.327789,Residential,Wood,1
875517,FL,ST  JOHNS COUNTY,1836,1836,1836,1836,1836,1957.45,0,0,0,0,29.887041,-81.327789,Residential,Wood,1
122968,FL,ST  JOHNS COUNTY,6714,6714,6714,6714,6714,7611.86,0,0,0,0,29.887041,-81.327789,Residential,Wood,1
462865,FL,ST  JOHNS COUNTY,180,180,180,180,180,263.97,0,3.6,0,0,29.887041,-81.327789,Residential,Wood,1
762271,FL,ST  JOHNS COUNTY,1963710,1963710,1963710,1963710,1963710,3325189.42,0,39274.2,0,0,29.89684,-81.31815,Commercial,Reinforced Masonry,1
118657,FL,ST  JOHNS COUNTY,18729,18729,18729,18729,18729,20263.28,0,0,0,0,29.89684,-81.31815,Residential,Wood,1
680967,FL,ST  JOHNS COUNTY,88569,88569,88569,88569,88569,115997.05,0,0,0,0,29.89684,-81.31815,Residential,Wood,1
235283,FL,ST  JOHNS COUNTY,1107,1107,1107,1107,1107,1137.36,0,0,0,0,29.89684,-81.31815,Residential,Wood,1
978723,FL,ST  JOHNS COUNTY,1836,1836,1836,1836,1836,2726.87,0,0,0,0,29.89684,-81.31815,Residential,Wood,1
553660,FL,ST  JOHNS COUNTY,5508,5508,5508,5508,5508,6781.45,0,0,0,0,29.89684,-81.31815,Residential,Wood,1
373053,FL,ST  JOHNS COUNTY,11034,11034,11034,11034,11034,14394.69,0,0,0,0,29.89684,-81.31815,Residential,Wood,1
539364,FL,ST  JOHNS COUNTY,8208,8208,8208,8208,8208,11780.12,0,0,0,0,29.89684,-81.31815,Residential,Wood,1
803437,FL,ST  JOHNS COUNTY,16470000,16470000,16470000,16470000,16470000,14220000,0,0,0,0,29.9035,-81.3349,Commercial,Reinforced Concrete,1
128242,FL,ST  JOHNS COUNTY,158346,158346,158346,158346,158346,172915.73,0,0,0,0,29.9035,-81.3349,Residential,Wood,1
946299,FL,ST  JOHNS COUNTY,2259,2259,2259,2259,2259,1882.31,0,0,0,0,29.9035,-81.3349,Residential,Wood,1
526205,FL,ST  JOHNS COUNTY,2484,2484,2484,2484,2484,3947.98,0,0,0,0,29.9035,-81.3349,Residential,Wood,1
236986,FL,ST  JOHNS COUNTY,3177,3177,3177,3177,3177,3136.94,0,0,0,0,29.9035,-81.3349,Residential,Wood,1
189489,FL,ST  JOHNS COUNTY,17649,17649,17649,17649,17649,30131.5,0,0,0,0,29.9035,-81.3349,Residential,Wood,1
707198,FL,ST  JOHNS COUNTY,17919,17919,17919,17919,17919,21835.47,0,0,0,0,29.9035,-81.3349,Residential,Wood,1
576623,FL,ST  JOHNS COUNTY,270,270,270,270,270,377.85,0,5.4,0,0,29.9035,-81.3349,Residential,Wood,1
183496,FL,ST  JOHNS COUNTY,7353,7353,7353,7353,7353,8794.19,0,0,0,0,29.9035,-81.3349,Residential,Wood,1
380278,FL,ST  JOHNS COUNTY,3483,3483,3483,3483,3483,3913.33,0,0,0,0,29.92478,-81.34252,Residential,Wood,1
973374,FL,ST  JOHNS COUNTY,80451,80451,80451,80451,80451,65853.17,0,0,0,0,29.92478,-81.34252,Residential,Wood,1
949520,FL,ST  JOHNS COUNTY,17280,17280,17280,17280,17280,21119.62,0,345.6,0,0,29.92478,-81.34252,Residential,Wood,1
261179,FL,ST  JOHNS COUNTY,18333,18333,18333,18333,18333,30396.41,0,0,0,0,29.92478,-81.34252,Residential,Wood,1
519120,FL,ST  JOHNS COUNTY,10350,10350,10350,10350,10350,11103.71,0,207,0,0,29.92478,-81.34252,Residential,Wood,1
878456,FL,ST  JOHNS COUNTY,8406,8406,8406,8406,8406,9082.26,0,0,0,0,29.92478,-81.34252,Residential,Wood,1
786881,FL,ST  JOHNS COUNTY,29484,29484,29484,29484,29484,29752.04,0,0,0,0,29.92478,-81.34252,Residential,Wood,1
378835,FL,ST  JOHNS COUNTY,8181,8181,8181,8181,8181,11767.55,0,0,0,0,29.92478,-81.34252,Residential,Wood,1
725244,FL,ST  JOHNS COUNTY,3222,3222,3222,3222,3222,5047.36,0,0,0,0,29.92478,-81.34252,Residential,Wood,1
130019,FL,ST  JOHNS COUNTY,1566,1566,1566,1566,1566,1891.87,0,0,0,0,29.92478,-81.34252,Residential,Wood,1
512917,FL,ST  JOHNS COUNTY,12312,12312,12312,12312,12312,19199.04,0,0,0,0,29.92478,-81.34252,Residential,Wood,1
357588,FL,ST  JOHNS COUNTY,109206,109206,109206,109206,109206,81773.45,0,0,0,0,29.92478,-81.34252,Residential,Wood,1
499308,FL,ST  JOHNS COUNTY,21510,21510,21510,21510,21510,22314.8,0,430.2,0,0,29.92478,-81.34252,Residential,Wood,1
980137,FL,ST  JOHNS COUNTY,44118,44118,44118,44118,44118,62314.91,0,0,0,0,29.92478,-81.34252,Residential,Wood,1
569071,FL,ST  JOHNS COUNTY,27756,27756,27756,27756,27756,25949.64,0,0,0,0,29.92478,-81.34252,Residential,Wood,1
964046,FL,ST  JOHNS COUNTY,20403,20403,20403,20403,20403,15736.1,0,0,0,0,29.92478,-81.34252,Residential,Wood,1
407793,FL,ST  JOHNS COUNTY,6210,6210,6210,6210,6210,8387.97,0,124.2,0,0,29.892773,-81.348778,Residential,Wood,3
122489,FL,ST  JOHNS COUNTY,487188,487188,487188,487188,487188,701502,0,0,0,0,29.892773,-81.348778,Residential,Masonry,3
380501,FL,ST  JOHNS COUNTY,17145,17145,17145,17145,17145,20116.43,0,342.9,0,0,29.892773,-81.348778,Residential,Wood,3
442434,FL,ST  JOHNS COUNTY,3735,3735,3735,3735,3735,5056.56,0,74.7,0,0,29.892773,-81.348778,Residential,Wood,3
296989,FL,ST  JOHNS COUNTY,86130,86130,86130,86130,86130,124557.42,0,1722.6,0,0,29.892773,-81.348778,Residential,Wood,3
888060,FL,ST  JOHNS COUNTY,86130,86130,86130,86130,86130,74564.89,0,1722.6,0,0,29.892773,-81.348778,Residential,Wood,3
633291,FL,ST  JOHNS COUNTY,86130,86130,86130,86130,86130,147052.16,0,1722.6,0,0,29.892773,-81.348778,Residential,Wood,3
574669,FL,ST  JOHNS COUNTY,86130,86130,86130,86130,86130,87366.31,0,1722.6,0,0,29.892773,-81.348778,Residential,Wood,3
406476,FL,ST  JOHNS COUNTY,128628,128628,128628,128628,128628,168067.92,0,0,0,0,29.892773,-81.348778,Residential,Wood,3
511659,FL,ST  JOHNS COUNTY,1107,1107,1107,1107,1107,1197.69,0,0,0,0,29.892773,-81.348778,Residential,Wood,3
640168,FL,ST  JOHNS COUNTY,1656,1656,1656,1656,1656,2638.86,0,0,0,0,29.892773,-81.348778,Residential,Wood,3
879768,FL,ST  JOHNS COUNTY,34929,34929,34929,34929,34929,39178.81,0,0,0,0,29.892773,-81.348778,Residential,Wood,3
930040,FL,ST  JOHNS COUNTY,2754,2754,2754,2754,2754,2906.4,0,0,0,0,29.892773,-81.348778,Residential,Wood,3
599300,FL,ST  JOHNS COUNTY,15282,15282,15282,15282,15282,14582.48,0,0,0,0,29.892773,-81.348778,Residential,Wood,3
670732,FL,ST  JOHNS COUNTY,16830000,16830000,16830000,16830000,16830000,19710000,0,0,0,0,29.91862,-81.3369,Commercial,Reinforced Concrete,1
399700,FL,ST  JOHNS COUNTY,2754,2754,2754,2754,2754,3115.63,0,0,0,0,29.91862,-81.3369,Residential,Wood,1
514895,FL,ST  JOHNS COUNTY,2304,2304,2304,2304,2304,2752.7,0,0,0,0,29.91862,-81.3369,Residential,Wood,1
111328,FL,ST  JOHNS COUNTY,29880,29880,29880,29880,29880,50264.73,0,597.6,0,0,29.91862,-81.3369,Residential,Wood,1
835575,FL,ST  JOHNS COUNTY,549,549,549,549,549,559.79,0,0,0,0,29.91862,-81.3369,Residential,Wood,1
931096,FL,ST  JOHNS COUNTY,675,675,675,675,675,1143.07,0,13.5,0,0,29.91862,-81.3369,Residential,Wood,1
667421,FL,ST  JOHNS COUNTY,549,549,549,549,549,804.26,0,0,0,0,29.91862,-81.3369,Residential,Wood,1
376640,FL,ST  JOHNS COUNTY,4599,4599,4599,4599,4599,7628,0,0,0,0,29.91862,-81.3369,Residential,Wood,1
298326,FL,ST  JOHNS COUNTY,2889,2889,2889,2889,2889,3085.09,0,0,0,0,29.91862,-81.3369,Residential,Wood,1
360789,FL,ST  JOHNS COUNTY,1476,1476,1476,1476,1476,2349.81,0,0,0,0,29.8977,-81.31695,Residential,Wood,1
884365,FL,ST  JOHNS COUNTY,20043,20043,20043,20043,20043,25544.6,0,0,0,0,29.890684,-81.318993,Residential,Wood,3
994959,FL,ST  JOHNS COUNTY,14580000,14580000,14580000,14580000,14580000,10170000,0,0,0,0,29.9035,-81.3349,Commercial,Reinforced Concrete,4
783989,FL,ST  JOHNS COUNTY,43407,43407,43407,43407,43407,64029.49,0,0,0,0,29.9035,-81.3349,Residential,Wood,4
295393,FL,ST  JOHNS COUNTY,7668,7668,7668,7668,7668,8251.99,0,0,0,0,29.9035,-81.3349,Residential,Wood,4
863621,FL,ST  JOHNS COUNTY,6705,6705,6705,6705,6705,10350.29,0,134.1,0,0,29.9035,-81.3349,Residential,Wood,4
555963,FL,ST  JOHNS COUNTY,6705,6705,6705,6705,6705,7462.67,0,134.1,0,0,29.9035,-81.3349,Residential,Wood,4
188565,FL,ST  JOHNS COUNTY,7668,7668,7668,7668,7668,8939.66,0,0,0,0,29.9035,-81.3349,Residential,Wood,4
449286,FL,ST  JOHNS COUNTY,5508,5508,5508,5508,5508,6894.67,0,0,0,0,29.9035,-81.3349,Residential,Wood,4
435175,FL,ST  JOHNS COUNTY,3177,3177,3177,3177,3177,2756.59,0,0,0,0,29.9035,-81.3349,Residential,Wood,4
873404,FL,ST  JOHNS COUNTY,22068,22068,22068,22068,22068,34492.64,0,0,0,0,29.9035,-81.3349,Residential,Wood,4
464220,FL,ST  JOHNS COUNTY,7353,7353,7353,7353,7353,6788.97,0,0,0,0,29.9035,-81.3349,Residential,Wood,4
916914,FL,ST  JOHNS COUNTY,73908,73908,73908,73908,73908,83128.76,0,0,0,0,29.9035,-81.3349,Residential,Wood,4
291833,FL,ST  JOHNS COUNTY,1935,1935,1935,1935,1935,2331.69,0,38.7,0,0,29.9035,-81.3349,Residential,Wood,4
255895,FL,ST  JOHNS COUNTY,1045760.4,1045760.4,1045760.4,1045760.4,1045760.4,957849.6,0,0,0,0,29.9035,-81.3349,Residential,Masonry,4
791510,FL,ST  JOHNS COUNTY,1052955,1052955,1052955,1052955,1052955,997106.27,0,21059.1,0,0,29.897562,-81.315865,Residential,Masonry,1
637980,FL,ST  JOHNS COUNTY,828,828,828,828,828,720.56,0,0,0,0,29.897562,-81.315865,Residential,Wood,1
941716,FL,ST  JOHNS COUNTY,2016,2016,2016,2016,2016,1662.71,0,0,0,0,29.897562,-81.315865,Residential,Wood,1
459212,FL,ST  JOHNS COUNTY,2678832,2678832,2678832,2678832,2678832,2504662.38,0,0,0,0,29.921185,-81.346649,Commercial,Reinforced Masonry,3
892568,FL,ST  JOHNS COUNTY,3386574,3386574,3386574,3386574,3386574,3272141.66,0,0,0,0,29.921185,-81.346649,Commercial,Reinforced Masonry,3
301816,FL,ST  JOHNS COUNTY,19944,19944,19944,19944,19944,35789.91,0,0,0,0,29.921185,-81.346649,Residential,Wood,3
157792,FL,ST  JOHNS COUNTY,56259,56259,56259,56259,56259,79550.23,0,0,0,0,29.921185,-81.346649,Residential,Wood,3
647230,FL,ST  JOHNS COUNTY,2062125,2062125,2062125,2062125,2062125,3149112.33,0,41242.5,0,0,29.906988,-81.337601,Commercial,Reinforced Masonry,1
475305,FL,ST  JOHNS COUNTY,77265,77265,77265,77265,77265,96913.49,0,1545.3,0,0,29.906988,-81.337601,Residential,Wood,1
375580,FL,ST  JOHNS COUNTY,3177,3177,3177,3177,3177,4313.15,0,0,0,0,29.906988,-81.337601,Residential,Wood,1
979654,FL,ST  JOHNS COUNTY,3177,3177,3177,3177,3177,2811.21,0,0,0,0,29.922649,-81.338509,Residential,Wood,1
921392,FL,ST  JOHNS COUNTY,459,459,459,459,459,404.94,0,0,0,0,29.918322,-81.321899,Residential,Wood,1
408811,FL,ST  JOHNS COUNTY,486,486,486,486,486,456.83,0,0,0,0,29.918322,-81.321899,Residential,Wood,1
281805,FL,ST  JOHNS COUNTY,1471500,1471500,1471500,1471500,1471500,1937206.21,0,73575,0,0,29.868025,-81.323021,Residential,Masonry,1
757566,FL,ST  JOHNS COUNTY,10260000,10260000,0,0,10260000,13230000,0,0,0,0,29.897367,-81.319214,Commercial,Reinforced Concrete,1
117339,FL,ST  JOHNS COUNTY,157100.4,157100.4,0,0,157100.4,161530.63,0,0,0,0,29.92425,-81.40265,Residential,Wood,3
736974,FL,ST  JOHNS COUNTY,0,640103.09,0,0,640103.09,805012.85,0,0,0,0,29.888367,-81.32827,Residential,Masonry,1
487567,FL,ST  JOHNS COUNTY,0,468044.84,0,0,468044.84,704313.87,0,0,0,0,29.888367,-81.32827,Residential,Masonry,1
548600,FL,ST  JOHNS COUNTY,3988530,3988530,3988530,3988530,3988530,5698193.44,0,0,0,0,29.92639,-81.41253,Commercial,Reinforced Masonry,1
144572,FL,ST  JOHNS COUNTY,0,850099.1,0,0,850099.1,1449997.04,0,0,0,0,29.916147,-81.345695,Residential,Masonry,1
749121,FL,ST  JOHNS COUNTY,0,273600,0,273600,273600,389551.68,0,0,0,0,29.9143,-81.32203,Residential,Wood,1
523825,FL,ST  JOHNS COUNTY,0,509530.83,0,0,509530.83,547266.69,0,0,0,0,29.89123,-81.31823,Residential,Masonry,1
635004,FL,ST  JOHNS COUNTY,0,533599.25,0,0,533599.25,555103.29,0,0,0,0,29.899744,-81.331604,Residential,Masonry,1
462386,FL,ST  JOHNS COUNTY,0,521513.53,0,0,521513.53,509243.36,0,0,0,0,29.86944,-81.33101,Residential,Masonry,1
385025,FL,ST  JOHNS COUNTY,0,1545296.5,0,0,1545296.5,1973034.57,0,0,0,0,29.921988,-81.325195,Residential,Masonry,1
639695,FL,ST  JOHNS COUNTY,0,1704418.08,0,0,1704418.08,1843686.08,0,0,0,0,29.922987,-81.325279,Residential,Masonry,1
864004,FL,ST  JOHNS COUNTY,0,201339.27,0,0,201339.27,221621.38,0,0,0,0,29.88996,-81.34055,Residential,Wood,3
722782,FL,ST  JOHNS COUNTY,0,201339.27,0,0,201339.27,345659.26,0,0,0,0,29.891115,-81.32317,Residential,Wood,3
112287,FL,ST  JOHNS COUNTY,0,201339.27,0,0,201339.27,363667.04,0,0,0,0,29.845485,-81.329395,Residential,Wood,3
106762,FL,ST  JOHNS COUNTY,0,382291.33,0,0,382291.33,415053.69,0,0,0,0,29.892275,-81.31117,Residential,Masonry,3
506991,FL,ST  JOHNS COUNTY,0,382291.33,0,0,382291.33,606711.63,0,0,0,0,29.88628,-81.327805,Residential,Masonry,3
762146,FL,ST  JOHNS COUNTY,1000158.3,1000158.3,1000158.3,1000158.3,1000158.3,1525633.47,0,0,0,0,29.877123,-81.324165,Residential,Masonry,1
114301,FL,ST  JOHNS COUNTY,0,13869.9,0,13869.9,13869.9,21334.79,0,0,0,0,29.8914,-81.3167,Residential,Wood,1
562126,FL,ST  JOHNS COUNTY,2831506.2,2831506.2,0,0,2831506.2,4655964.57,0,0,0,0,29.8914,-81.3167,Commercial,Reinforced Masonry,4
585198,FL,ST  JOHNS COUNTY,351720,351720,351720,351720,351720,543293.44,0,0,0,0,29.82328,-81.33509,Residential,Wood,1
253679,FL,ST  JOHNS COUNTY,0,2298704.76,0,0,2298704.76,3268013.39,0,0,0,0,29.81199,-81.32023,Commercial,Reinforced Masonry,1
445604,FL,ST  JOHNS COUNTY,9270000,9270000,9270000,9270000,9270000,10350000,0,0,0,0,29.788338,-81.311707,Commercial,Reinforced Concrete,1
413464,FL,ST  JOHNS COUNTY,14049,14049,14049,14049,14049,9798.9,0,0,0,0,29.788338,-81.311707,Residential,Wood,1
190995,FL,ST  JOHNS COUNTY,34038,34038,34038,34038,34038,34077.48,0,0,0,0,29.788338,-81.311707,Residential,Wood,1
202119,FL,ST  JOHNS COUNTY,11106,11106,11106,11106,11106,15846.93,0,0,0,0,29.788338,-81.311707,Residential,Wood,1
649647,FL,ST  JOHNS COUNTY,86130,86130,86130,86130,86130,127561.98,0,1722.6,0,0,29.788338,-81.311707,Residential,Wood,1
884533,FL,ST  JOHNS COUNTY,86130,86130,86130,86130,86130,145930.4,0,1722.6,0,0,29.788338,-81.311707,Residential,Wood,1
335413,FL,ST  JOHNS COUNTY,74331,74331,74331,74331,74331,83407.56,0,0,0,0,29.788338,-81.311707,Residential,Wood,1
993817,FL,ST  JOHNS COUNTY,74331,74331,74331,74331,74331,125768.05,0,0,0,0,29.788338,-81.311707,Residential,Wood,1
870532,FL,ST  JOHNS COUNTY,74331,74331,74331,74331,74331,78770.42,0,0,0,0,29.788338,-81.311707,Residential,Wood,1
545979,FL,ST  JOHNS COUNTY,114903,114903,114903,114903,114903,144387.11,0,0,0,0,29.788338,-81.311707,Residential,Wood,1
859457,FL,ST  JOHNS COUNTY,1701,1701,1701,1701,1701,2424.03,0,0,0,0,29.788338,-81.311707,Residential,Wood,1
355302,FL,ST  JOHNS COUNTY,1476,1476,1476,1476,1476,1480.13,0,0,0,0,29.788338,-81.311707,Residential,Wood,1
483553,FL,ST  JOHNS COUNTY,3384,3384,3384,3384,3384,3075.92,0,0,0,0,29.788338,-81.311707,Residential,Wood,1
370205,FL,ST  JOHNS COUNTY,12024,12024,12024,12024,12024,15097.72,0,0,0,0,29.828524,-81.372444,Residential,Wood,1
891996,FL,ST  JOHNS COUNTY,2484,2484,2484,2484,2484,2357.84,0,0,0,0,29.828524,-81.372444,Residential,Wood,1
927742,FL,ST  JOHNS COUNTY,1935,1935,1935,1935,1935,1802.45,0,38.7,0,0,29.828524,-81.372444,Residential,Wood,1
168150,FL,ST  JOHNS COUNTY,3177,3177,3177,3177,3177,4727.8,0,0,0,0,29.828524,-81.372444,Residential,Wood,1
624584,FL,ST  JOHNS COUNTY,270,270,270,270,270,370.14,0,5.4,0,0,29.828524,-81.372444,Residential,Wood,1
516745,FL,ST  JOHNS COUNTY,1062,1062,1062,1062,1062,1126.68,0,0,0,0,29.828524,-81.372444,Residential,Wood,1
454696,FL,ST  JOHNS COUNTY,3681,3681,3681,3681,3681,5987.01,0,0,0,0,29.828524,-81.372444,Residential,Wood,1
740371,FL,ST  JOHNS COUNTY,324,324,324,324,324,414.09,0,0,0,0,29.828524,-81.372444,Residential,Wood,1
932402,FL,ST  JOHNS COUNTY,4599,4599,4599,4599,4599,7105.46,0,0,0,0,29.828524,-81.372444,Residential,Wood,1
303989,FL,ST  JOHNS COUNTY,67464,67464,67464,67464,67464,81426.35,0,0,0,0,29.771671,-81.315323,Residential,Wood,1
360717,FL,ST  JOHNS COUNTY,7443,7443,7443,7443,7443,6121.97,0,0,0,0,29.771671,-81.315323,Residential,Wood,1
778894,FL,ST  JOHNS COUNTY,16182,16182,16182,16182,16182,17628.02,0,0,0,0,29.771671,-81.315323,Residential,Wood,1
434500,FL,ST  JOHNS COUNTY,1935,1935,1935,1935,1935,2146.3,0,38.7,0,0,29.771671,-81.315323,Residential,Wood,1
748017,FL,ST  JOHNS COUNTY,37314,37314,37314,37314,37314,35799.8,0,0,0,0,29.771671,-81.315323,Residential,Wood,1
465519,FL,ST  JOHNS COUNTY,4599,4599,4599,4599,4599,3245.05,0,0,0,0,29.771671,-81.315323,Residential,Wood,1
163798,FL,ST  JOHNS COUNTY,65187,65187,65187,65187,65187,98333.68,0,0,0,0,29.753431,-81.333565,Residential,Wood,1
906567,FL,ST  JOHNS COUNTY,101439,101439,101439,101439,101439,122682.96,0,0,0,0,29.753431,-81.333565,Residential,Wood,1
590757,FL,ST  JOHNS COUNTY,11745,11745,11745,11745,11745,10059.36,0,234.9,0,0,29.753431,-81.333565,Residential,Wood,1
313089,FL,ST  JOHNS COUNTY,46404,46404,46404,46404,46404,55655.8,0,0,0,0,29.753431,-81.333565,Residential,Wood,1
983962,FL,ST  JOHNS COUNTY,11745,11745,11745,11745,11745,12600.29,0,234.9,0,0,29.753431,-81.333565,Residential,Wood,1
132292,FL,ST  JOHNS COUNTY,5508,5508,5508,5508,5508,5067.34,0,0,0,0,29.753431,-81.333565,Residential,Wood,1
237087,FL,ST  JOHNS COUNTY,12411,12411,12411,12411,12411,19910.76,0,0,0,0,29.753431,-81.333565,Residential,Wood,1
694928,FL,ST  JOHNS COUNTY,3087,3087,3087,3087,3087,2692.17,0,0,0,0,29.753431,-81.333565,Residential,Wood,1
223304,FL,ST  JOHNS COUNTY,95976,95976,95976,95976,95976,88080.05,0,0,0,0,29.753431,-81.333565,Residential,Wood,1
784993,FL,ST  JOHNS COUNTY,4968,4968,4968,4968,4968,6724.68,0,0,0,0,29.753431,-81.333565,Residential,Wood,1
597925,FL,ST  JOHNS COUNTY,12501,12501,12501,12501,12501,12719.14,0,0,0,0,29.753431,-81.333565,Residential,Wood,1
239592,FL,ST  JOHNS COUNTY,39717,39717,39717,39717,39717,49088.62,0,0,0,0,29.753431,-81.333565,Residential,Wood,1
543820,FL,ST  JOHNS COUNTY,56628,56628,56628,56628,56628,71630.12,0,0,0,0,29.753431,-81.333565,Residential,Wood,1
894167,FL,ST  JOHNS COUNTY,62136,62136,62136,62136,62136,73293.64,0,0,0,0,29.753431,-81.333565,Residential,Wood,1
550003,FL,ST  JOHNS COUNTY,0,1775771.78,0,0,1775771.78,3157616.99,0,0,0,0,29.866745,-81.3228,Residential,Masonry,3
483888,FL,ST  JOHNS COUNTY,136656,136656,0,0,136656,166091.16,0,0,0,0,29.802382,-81.320541,Residential,Wood,1
826944,FL,ST  JOHNS COUNTY,0,861468.38,0,0,861468.38,777285.69,0,0,0,0,29.827972,-81.37738,Residential,Masonry,1
100929,FL,ST  JOHNS COUNTY,0,666878.45,0,0,666878.45,540907.77,0,0,0,0,29.845907,-81.361885,Residential,Masonry,1
540121,FL,ST  JOHNS COUNTY,0,1726278.47,0,0,1726278.47,1586308.36,0,0,0,0,29.867502,-81.340179,Residential,Masonry,1
952268,FL,ST  JOHNS COUNTY,0,2872836,0,0,2872836,3342418.28,0,0,0,0,29.85802,-81.32601,Commercial,Reinforced Masonry,1
924229,FL,ST  JOHNS COUNTY,0,2437417.44,0,0,2437417.44,3989038.38,0,0,0,0,29.866091,-81.323174,Commercial,Reinforced Masonry,1
256211,FL,ST  JOHNS COUNTY,0,1251637.89,0,0,1251637.89,1130789.75,0,0,0,0,29.86294,-81.32387,Residential,Masonry,1
219411,FL,ST  JOHNS COUNTY,0,7779789.99,0,0,7779789.99,9450000,0,0,0,0,29.85821,-81.3299,Commercial,Reinforced Masonry,1
575720,FL,BAKER COUNTY,295808.4,295808.4,0,0,295808.4,456373.2,0,0,0,0,30.212524,-82.410561,Residential,Wood,4
313165,FL,BAKER COUNTY,0,216390.79,0,0,216390.79,174140.92,0,0,0,0,30.3316,-82.3213,Residential,Wood,4
711976,FL,BAKER COUNTY,0,19210.75,0,0,19210.75,18311.49,0,0,0,0,30.3316,-82.3213,Residential,Wood,4
568643,FL,BAKER COUNTY,0,53058.26,0,0,53058.26,43206.14,0,0,0,0,30.24735,-82.27343,Residential,Wood,1
183849,FL,BRADFORD COUNTY,34830000,34830000,34830000,34830000,34830000,29610000,0,0,0,0,29.942221,-82.103065,Commercial,Reinforced Concrete,1
832860,FL,BRADFORD COUNTY,486000,486000,486000,486000,486000,492235.38,0,0,0,0,29.9432,-82.0984,Residential,Masonry,4
868988,FL,BRADFORD COUNTY,229500,229500,229500,229500,229500,356546.61,0,0,0,0,29.950624,-82.102158,Residential,Wood,1
483711,FL,BRADFORD COUNTY,109800,109800,109800,109800,109800,162328.32,0,0,0,0,29.950624,-82.102158,Residential,Wood,1
171938,FL,BRADFORD COUNTY,0,145171.62,0,0,145171.62,197838.87,0,0,0,0,29.948088,-82.1101,Residential,Wood,1
603099,FL,BRADFORD COUNTY,0,24041.16,0,0,24041.16,22063.29,0,0,0,0,29.948088,-82.1101,Residential,Wood,1
122151,FL,BRADFORD COUNTY,0,1966243.05,0,0,1966243.05,2155199.01,0,0,0,0,29.944496,-82.110878,Commercial,Reinforced Masonry,1
492456,FL,BRADFORD COUNTY,163080,163080,163080,163080,163080,210832.43,0,3261.6,0,0,29.9432,-82.0984,Residential,Wood,4
978224,FL,BRADFORD COUNTY,38430,38430,38430,38430,38430,34641.76,0,768.6,0,0,29.9432,-82.0984,Residential,Wood,4
914938,FL,BRADFORD COUNTY,32130,32130,32130,32130,32130,50523.78,0,642.6,0,0,29.9432,-82.0984,Residential,Wood,4
753857,FL,BRADFORD COUNTY,408150,408150,408150,408150,408150,618599.49,0,8163,0,0,29.9432,-82.0984,Residential,Masonry,4
254771,FL,BRADFORD COUNTY,167760,167760,167760,167760,167760,209735.9,0,3355.2,0,0,29.9432,-82.0984,Residential,Wood,4
175297,FL,BRADFORD COUNTY,167760,167760,167760,167760,167760,144818.32,0,3355.2,0,0,29.9432,-82.0984,Residential,Wood,4
979257,FL,BRADFORD COUNTY,84420,84420,84420,84420,84420,141987.69,0,1688.4,0,0,29.9432,-82.0984,Residential,Wood,4
887054,FL,BRADFORD COUNTY,167760,167760,167760,167760,167760,172848.83,0,3355.2,0,0,29.9432,-82.0984,Residential,Wood,4
406287,FL,BRADFORD COUNTY,5940,5940,5940,5940,5940,6301.15,0,118.8,0,0,29.9432,-82.0984,Residential,Wood,4
538584,FL,BRADFORD COUNTY,13230,13230,13230,13230,13230,18807.85,0,264.6,0,0,29.9432,-82.0984,Residential,Wood,4
204117,FL,BRADFORD COUNTY,4680,4680,4680,4680,4680,5827.61,0,93.6,0,0,29.9432,-82.0984,Residential,Wood,4
593152,FL,BRADFORD COUNTY,7740,7740,7740,7740,7740,11568.02,0,154.8,0,0,29.9432,-82.0984,Residential,Wood,4
556621,FL,BRADFORD COUNTY,72990,72990,72990,72990,72990,117824.55,0,1459.8,0,0,29.9432,-82.0984,Residential,Wood,4
678201,FL,BRADFORD COUNTY,5940,5940,5940,5940,5940,5811.89,0,118.8,0,0,29.9432,-82.0984,Residential,Wood,4
944295,FL,BRADFORD COUNTY,7830,7830,7830,7830,7830,8840.7,0,156.6,0,0,29.9432,-82.0984,Residential,Wood,4
653499,FL,BRADFORD COUNTY,54000,54000,54000,54000,54000,70607.16,0,1080,0,0,29.9432,-82.0984,Residential,Wood,4
936566,FL,CLAY COUNTY,0,645997.97,0,0,645997.97,600261.31,0,0,0,0,29.838694,-82.044128,Residential,Masonry,1
447164,FL,CLAY COUNTY,0,36914.17,0,0,36914.17,46244.08,0,0,0,0,29.839096,-82.043724,Residential,Wood,1
634360,FL,BRADFORD COUNTY,0,632926.14,0,0,632926.14,911206.05,0,0,0,0,29.928917,-82.101563,Residential,Masonry,1
145948,FL,ST  JOHNS COUNTY,235206,235206,235206,235206,235206,234897.41,0,0,0,0,29.821232,-81.55175,Residential,Wood,1
103158,FL,ST  JOHNS COUNTY,154800,154800,154800,154800,154800,231717.02,0,0,0,0,29.78906,-81.265355,Residential,Wood,4
521338,FL,ST  JOHNS COUNTY,9000,9000,9000,9000,9000,11071.62,0,0,0,0,29.964279,-81.490822,Residential,Wood,1
486769,FL,ST  JOHNS COUNTY,0,7397.28,0,0,7397.28,8625.23,0,0,0,0,29.972168,-81.50563,Residential,Wood,1
169678,FL,ST  JOHNS COUNTY,0,8321.94,0,0,8321.94,11458.41,0,0,0,0,29.972168,-81.50563,Residential,Wood,1
353768,FL,ST  JOHNS COUNTY,0,2773.98,0,0,2773.98,5116.33,0,0,0,0,29.972168,-81.50563,Residential,Wood,1
118356,FL,ST  JOHNS COUNTY,0,924.66,0,0,924.66,1207.24,0,0,0,0,29.972168,-81.50563,Residential,Wood,1
375387,FL,ST  JOHNS COUNTY,0,9246.6,0,9246.6,9246.6,7057.01,0,0,0,0,29.972168,-81.50563,Residential,Wood,1
884077,FL,ST  JOHNS COUNTY,0,47700,0,47700,47700,38740.03,0,0,0,0,29.98532,-81.46941,Residential,Wood,1
311926,FL,ST  JOHNS COUNTY,2960100,2960100,2960100,2960100,2960100,3051413.16,0,59202,0,0,29.964279,-81.490822,Commercial,Reinforced Masonry,1
945129,FL,ST  JOHNS COUNTY,57249,57249,57249,57249,57249,93402.89,0,0,0,0,29.964279,-81.490822,Residential,Wood,1
117329,FL,ST  JOHNS COUNTY,587781,587781,587781,587781,587781,1095442.75,0,0,0,0,29.964279,-81.490822,Residential,Masonry,1
921952,FL,ST  JOHNS COUNTY,24480,24480,24480,24480,24480,18590.58,0,489.6,0,0,29.964279,-81.490822,Residential,Wood,1
150263,FL,ST  JOHNS COUNTY,88569,88569,88569,88569,88569,69298.16,0,0,0,0,29.964279,-81.490822,Residential,Wood,1
398144,FL,ST  JOHNS COUNTY,66654,66654,66654,66654,66654,121297.48,0,0,0,0,29.964279,-81.490822,Residential,Wood,1
414086,FL,ST  JOHNS COUNTY,74331,74331,74331,74331,74331,116441.74,0,0,0,0,29.964279,-81.490822,Residential,Wood,1
349098,FL,ST  JOHNS COUNTY,74331,74331,74331,74331,74331,59894.36,0,0,0,0,29.964279,-81.490822,Residential,Wood,1
255714,FL,ST  JOHNS COUNTY,1935,1935,1935,1935,1935,1810.05,0,38.7,0,0,29.964279,-81.490822,Residential,Wood,1
499205,FL,ST  JOHNS COUNTY,828,828,828,828,828,722.86,0,0,0,0,29.964279,-81.490822,Residential,Wood,1
385962,FL,ST  JOHNS COUNTY,17919,17919,17919,17919,17919,22552.14,0,0,0,0,29.964279,-81.490822,Residential,Wood,1
445381,FL,ST  JOHNS COUNTY,1062,1062,1062,1062,1062,1454.52,0,0,0,0,29.964279,-81.490822,Residential,Wood,1
453104,FL,ST  JOHNS COUNTY,3681,3681,3681,3681,3681,4057.93,0,0,0,0,29.964279,-81.490822,Residential,Wood,1
115845,FL,ST  JOHNS COUNTY,1377,1377,1377,1377,1377,1315.72,0,0,0,0,29.964279,-81.490822,Residential,Wood,1
288494,FL,ST  JOHNS COUNTY,639,639,639,639,639,1177.52,0,0,0,0,29.964279,-81.490822,Residential,Wood,1
437659,FL,ST  JOHNS COUNTY,14373,14373,14373,14373,14373,16157.29,0,0,0,0,30.04327,-81.56461,Residential,Wood,4
721230,FL,ST  JOHNS COUNTY,74331,74331,74331,74331,74331,92595.02,0,0,0,0,30.04327,-81.56461,Residential,Wood,4
807857,FL,ST  JOHNS COUNTY,74331,74331,74331,74331,74331,109084.01,0,0,0,0,30.04327,-81.56461,Residential,Wood,4
414917,FL,ST  JOHNS COUNTY,74331,74331,74331,74331,74331,94114.94,0,0,0,0,30.04327,-81.56461,Residential,Wood,4
380114,FL,ST  JOHNS COUNTY,74331,74331,74331,74331,74331,93838.13,0,0,0,0,30.04327,-81.56461,Residential,Wood,4
501405,FL,ST  JOHNS COUNTY,1377,1377,1377,1377,1377,1586.8,0,0,0,0,30.04327,-81.56461,Residential,Wood,4
989701,FL,ST  JOHNS COUNTY,552555,552555,552555,552555,552555,505753.59,0,11051.1,0,0,30.04327,-81.56461,Residential,Masonry,4
779882,FL,ST  JOHNS COUNTY,2754,2754,2754,2754,2754,2724.39,0,0,0,0,30.04327,-81.56461,Residential,Wood,4
891094,FL,ST  JOHNS COUNTY,13329,13329,13329,13329,13329,15109.75,0,0,0,0,30.04327,-81.56461,Residential,Wood,4
918544,FL,ST  JOHNS COUNTY,180,180,180,180,180,233.55,0,3.6,0,0,30.04327,-81.56461,Residential,Wood,4
586838,FL,ST  JOHNS COUNTY,4495.5,4495.5,4495.5,4495.5,4495.5,5973.98,0,0,0,0,30.04327,-81.56461,Residential,Wood,4
159854,FL,ST  JOHNS COUNTY,4495.5,4495.5,4495.5,4495.5,4495.5,5041.58,0,0,0,0,30.04327,-81.56461,Residential,Wood,4
658231,FL,ST  JOHNS COUNTY,4495.5,4495.5,4495.5,4495.5,4495.5,6312.11,0,0,0,0,30.04327,-81.56461,Residential,Wood,4
508110,FL,ST  JOHNS COUNTY,21600000,21600000,21600000,21600000,21600000,17730000,0,432098.1,0,0,29.947031,-81.500549,Commercial,Reinforced Concrete,1
403228,FL,ST  JOHNS COUNTY,2205,2205,2205,2205,2205,1596.86,0,44.1,0,0,29.947031,-81.500549,Residential,Wood,1
594354,FL,ST  JOHNS COUNTY,3177,3177,3177,3177,3177,2960.79,0,0,0,0,29.947031,-81.500549,Residential,Wood,1
210518,FL,ST  JOHNS COUNTY,1539,1539,1539,1539,1539,1856.55,0,0,0,0,29.947031,-81.500549,Residential,Wood,1
766511,FL,ST  JOHNS COUNTY,45594,45594,45594,45594,45594,61670.26,0,0,0,0,29.947031,-81.500549,Residential,Wood,1
890294,FL,ST  JOHNS COUNTY,1701,1701,1701,1701,1701,1802.84,0,0,0,0,29.947031,-81.500549,Residential,Wood,1
213481,FL,ST  JOHNS COUNTY,7353,7353,7353,7353,7353,7033.47,0,0,0,0,29.947031,-81.500549,Residential,Wood,1
695462,FL,ST  JOHNS COUNTY,14580000,14580000,14580000,14580000,14580000,18810000,0,0,0,0,29.973524,-81.522011,Commercial,Reinforced Concrete,1
927116,FL,ST  JOHNS COUNTY,74331,74331,74331,74331,74331,121051.75,0,0,0,0,29.973524,-81.522011,Residential,Wood,1
924212,FL,ST  JOHNS COUNTY,74331,74331,74331,74331,74331,132836.93,0,0,0,0,29.973524,-81.522011,Residential,Wood,1
852064,FL,ST  JOHNS COUNTY,74331,74331,74331,74331,74331,103219.45,0,0,0,0,29.973524,-81.522011,Residential,Wood,1
664212,FL,ST  JOHNS COUNTY,84573,84573,84573,84573,84573,121062.53,0,0,0,0,29.973524,-81.522011,Residential,Wood,1
662676,FL,ST  JOHNS COUNTY,35388,35388,35388,35388,35388,31452.85,0,0,0,0,29.973524,-81.522011,Residential,Wood,1
683665,FL,ST  JOHNS COUNTY,549,549,549,549,549,655.24,0,0,0,0,29.973524,-81.522011,Residential,Wood,1
376560,FL,ST  JOHNS COUNTY,22500,22500,22500,22500,22500,34744.32,0,1125,0,0,29.978281,-81.458618,Residential,Wood,1
427608,FL,ST  JOHNS COUNTY,282970.8,282970.8,0,0,282970.8,270134.11,0,0,0,0,29.970633,-81.535095,Residential,Wood,1
665613,FL,ST  JOHNS COUNTY,237934.8,237934.8,0,0,237934.8,210554.45,0,0,0,0,29.996819,-81.598228,Residential,Wood,1
393299,FL,ST  JOHNS COUNTY,747368.1,747368.1,0,0,747368.1,745499.68,0,0,0,0,29.841192,-81.535446,Residential,Masonry,1
770045,FL,ST  JOHNS COUNTY,556984.8,556984.8,0,0,556984.8,746749.52,0,0,0,0,29.903025,-81.495583,Residential,Masonry,1
327042,FL,ST  JOHNS COUNTY,261000,261000,261000,261000,261000,435504.6,0,8999.1,0,0,29.9705,-81.5074,Residential,Wood,4
675862,FL,ST  JOHNS COUNTY,0,1350000,0,1350000,1350000,1199156.4,0,0,0,0,29.98254,-81.47708,Residential,Masonry,1
801785,FL,ST  JOHNS COUNTY,0,4168617.3,0,4168617.3,4168617.3,5189428.3,0,0,0,0,29.992985,-81.471817,Commercial,Reinforced Masonry,1
609418,FL,ST  JOHNS COUNTY,0,1363451.4,0,1363451.4,1363451.4,1195005.16,0,0,0,0,29.992985,-81.471817,Residential,Masonry,1
375036,FL,ST  JOHNS COUNTY,0,908517.16,0,0,908517.16,728296.43,0,0,0,0,29.993528,-81.471008,Residential,Masonry,1
596422,FL,ST  JOHNS COUNTY,0,396284.4,0,396284.4,396284.4,398049.45,0,0,0,0,29.992985,-81.471817,Residential,Masonry,1
658164,FL,ST  JOHNS COUNTY,0,417578.66,0,0,417578.66,581503.33,0,0,0,0,29.993528,-81.471008,Residential,Masonry,1
986262,FL,ST  JOHNS COUNTY,0,135486,0,135486,135486,227675.82,0,0,0,0,29.992985,-81.471817,Residential,Wood,1
943849,FL,ST  JOHNS COUNTY,0,203619.16,0,0,203619.16,312682.66,0,0,0,0,29.984695,-81.470253,Residential,Wood,1
933588,FL,ST  JOHNS COUNTY,0,44640.9,0,44640.9,44640.9,39803.97,0,0,0,0,29.992985,-81.471817,Residential,Wood,1
606258,FL,ST  JOHNS COUNTY,0,24922.8,0,24922.8,24922.8,21322.45,0,0,0,0,29.992985,-81.471817,Residential,Wood,1
589802,FL,ST  JOHNS COUNTY,0,1314171.04,0,0,1314171.04,1930517.26,0,0,0,0,30.051327,-81.535179,Residential,Masonry,1
528400,FL,ST  JOHNS COUNTY,0,33667.92,0,0,33667.92,25469.44,0,0,0,0,30.051327,-81.535179,Residential,Wood,1
718093,FL,ST  JOHNS COUNTY,0,44702.02,0,0,44702.02,68805.34,0,0,0,0,30.051327,-81.535179,Residential,Wood,1
727040,FL,ST  JOHNS COUNTY,0,109981.86,0,0,109981.86,164233.72,0,0,0,0,30.051327,-81.535179,Residential,Wood,1
953534,FL,ST  JOHNS COUNTY,0,830795.14,0,0,830795.14,1047310.32,0,0,0,0,30.054678,-81.507408,Residential,Masonry,4
299937,FL,ST  JOHNS COUNTY,0,382217.28,0,0,382217.28,506947,0,0,0,0,30.054678,-81.507408,Residential,Masonry,4
167723,FL,ST  JOHNS COUNTY,0,25363.16,0,0,25363.16,38063.01,0,0,0,0,30.054678,-81.507408,Residential,Wood,4
657135,FL,ST  JOHNS COUNTY,0,57894.23,0,0,57894.23,65725,0,0,0,0,30.054678,-81.507408,Residential,Wood,4
206044,FL,ST  JOHNS COUNTY,0,366698.61,0,0,366698.61,296321.81,0,0,0,0,30.054678,-81.507408,Residential,Masonry,4
710264,FL,ST  JOHNS COUNTY,0,17362.54,0,0,17362.54,26830.34,0,0,0,0,30.054678,-81.507408,Residential,Wood,4
996566,FL,ST  JOHNS COUNTY,0,452071.47,0,0,452071.47,432426.25,0,0,0,0,30.054678,-81.507408,Residential,Masonry,4
669136,FL,ST  JOHNS COUNTY,0,26934.33,0,0,26934.33,39126.75,0,0,0,0,30.054678,-81.507408,Residential,Wood,4
677947,FL,SUWANNEE COUNTY,291170.7,291170.7,0,0,291170.7,439691.05,0,0,0,0,30.21692,-82.804625,Residential,Wood,3
516454,FL,SUWANNEE COUNTY,0,23611.28,0,0,23611.28,38755.17,0,0,0,0,30.1976,-82.8269,Residential,Wood,4
123859,FL,ST  JOHNS COUNTY,3005145,3005145,3005145,3005145,3005145,2508094.02,0,60102.9,0,0,29.811865,-81.337715,Commercial,Reinforced Masonry,1
248415,FL,ST  JOHNS COUNTY,1329174,1329174,1329174,1329174,1329174,2400348.68,0,0,0,0,29.811865,-81.337715,Residential,Masonry,1
958827,FL,ST  JOHNS COUNTY,3466836,3466836,3466836,3466836,3466836,4126463.95,0,0,0,0,29.811865,-81.337715,Commercial,Reinforced Masonry,1
393324,FL,ST  JOHNS COUNTY,3969,3969,3969,3969,3969,3222.69,0,0,0,0,29.811865,-81.337715,Residential,Wood,1
415961,FL,ST  JOHNS COUNTY,16965,16965,16965,16965,16965,21125.09,0,339.3,0,0,29.811865,-81.337715,Residential,Wood,1
885257,FL,ST  JOHNS COUNTY,41661,41661,41661,41661,41661,37834.85,0,0,0,0,29.811865,-81.337715,Residential,Wood,1
793227,FL,ST  JOHNS COUNTY,575001,575001,575001,575001,575001,528202.82,0,0,0,0,29.811865,-81.337715,Residential,Masonry,1
971567,FL,ST  JOHNS COUNTY,13248,13248,13248,13248,13248,13437.29,0,0,0,0,29.811865,-81.337715,Residential,Wood,1
195562,FL,ST  JOHNS COUNTY,25902,25902,25902,25902,25902,28573.27,0,0,0,0,29.811865,-81.337715,Residential,Wood,1
220013,FL,ST  JOHNS COUNTY,9117,9117,9117,9117,9117,12752.13,0,0,0,0,29.811865,-81.337715,Residential,Wood,1
214533,FL,ST  JOHNS COUNTY,9117,9117,9117,9117,9117,6989.89,0,0,0,0,29.811865,-81.337715,Residential,Wood,1
630518,FL,ST  JOHNS COUNTY,9090000,9090000,9090000,9090000,9090000,9270000,0,0,0,0,29.822465,-81.346425,Commercial,Reinforced Concrete,4
547227,FL,ST  JOHNS COUNTY,14373,14373,14373,14373,14373,24538.51,0,0,0,0,29.822465,-81.346425,Residential,Wood,4
268608,FL,ST  JOHNS COUNTY,11592,11592,11592,11592,11592,15637.1,0,0,0,0,29.822465,-81.346425,Residential,Wood,4
427338,FL,ST  JOHNS COUNTY,91926,91926,91926,91926,91926,101081.09,0,0,0,0,29.822465,-81.346425,Residential,Wood,4
810947,FL,ST  JOHNS COUNTY,91926,91926,91926,91926,91926,90765.53,0,0,0,0,29.822465,-81.346425,Residential,Wood,4
570960,FL,ST  JOHNS COUNTY,91926,91926,91926,91926,91926,90822.89,0,0,0,0,29.822465,-81.346425,Residential,Wood,4
719610,FL,ST  JOHNS COUNTY,74331,74331,74331,74331,74331,74662.22,0,0,0,0,29.822465,-81.346425,Residential,Wood,4
342194,FL,ST  JOHNS COUNTY,74331,74331,74331,74331,74331,112179.75,0,0,0,0,29.822465,-81.346425,Residential,Wood,4
894790,FL,ST  JOHNS COUNTY,6615,6615,6615,6615,6615,7341.91,0,132.3,0,0,29.822465,-81.346425,Residential,Wood,4
946791,FL,ST  JOHNS COUNTY,5508,5508,5508,5508,5508,7582.04,0,0,0,0,29.822465,-81.346425,Residential,Wood,4
800975,FL,ST  JOHNS COUNTY,270,270,270,270,270,345.71,0,5.4,0,0,29.822465,-81.346425,Residential,Wood,4
211065,FL,ST  JOHNS COUNTY,279540,279540,279540,279540,279540,235005.36,0,5590.8,0,0,29.822465,-81.346425,Residential,Wood,4
349477,FL,ST  JOHNS COUNTY,549,549,549,549,549,722.43,0,0,0,0,29.822465,-81.346425,Residential,Wood,4
452100,FL,ST  JOHNS COUNTY,7173,7173,7173,7173,7173,11225.69,0,0,0,0,29.822465,-81.346425,Residential,Wood,4
340300,FL,ST  JOHNS COUNTY,41913,41913,41913,41913,41913,52766.87,0,0,0,0,29.822465,-81.346425,Residential,Wood,4
268376,FL,ST  JOHNS COUNTY,549,549,549,549,549,795.92,0,0,0,0,29.822465,-81.346425,Residential,Wood,4
958241,FL,ST  JOHNS COUNTY,7722,7722,7722,7722,7722,11236.44,0,0,0,0,29.822465,-81.346425,Residential,Wood,4
540993,FL,ST  JOHNS COUNTY,275503.5,275503.5,0,0,275503.5,230453.72,0,0,0,0,29.95861,-81.34753,Residential,Wood,1
272822,FL,ST  JOHNS COUNTY,402969.6,402969.6,0,0,402969.6,517026.12,0,0,0,0,30.012608,-81.39328,Residential,Masonry,1
404015,FL,ST  JOHNS COUNTY,330055.2,330055.2,0,0,330055.2,445003.52,0,0,0,0,30.045198,-81.418587,Residential,Wood,1
985604,FL,ST  JOHNS COUNTY,0,7405285.81,0,0,7405285.81,10170000,0,0,450000,0,30.008625,-81.402267,Commercial,Reinforced Masonry,1
781066,FL,ST  JOHNS COUNTY,0,2070000,0,2070000,2070000,1746873,0,0,0,0,30.031095,-81.384885,Commercial,Reinforced Masonry,3
360718,FL,ST  JOHNS COUNTY,0,2356.75,0,0,2356.75,3245.61,0,0,0,0,30.03261,-81.386581,Residential,Wood,3
999732,FL,ST  JOHNS COUNTY,0,48257.35,0,0,48257.35,66189.49,0,0,0,0,30.0142,-81.389404,Residential,Wood,1
596037,FL,ST  JOHNS COUNTY,0,280565.98,0,0,280565.98,392864.19,0,0,0,0,30.0142,-81.389404,Residential,Wood,1
464023,FL,ST  JOHNS COUNTY,0,168339.59,0,0,168339.59,199278.38,0,0,0,0,30.0142,-81.389404,Residential,Wood,1
549331,FL,ST  JOHNS COUNTY,0,280565.98,0,0,280565.98,327095.04,0,0,0,0,30.0142,-81.389404,Residential,Wood,1
798587,FL,ST  JOHNS COUNTY,0,338169.54,0,0,338169.54,342457.53,0,0,0,0,30.0142,-81.389404,Residential,Wood,1
561654,FL,ST  JOHNS COUNTY,0,381569.73,0,0,381569.73,566676.84,0,0,0,0,30.01384,-81.391005,Residential,Masonry,1
504198,FL,ST  JOHNS COUNTY,0,276296.89,0,0,276296.89,231161.03,0,0,0,0,30.02103,-81.38432,Residential,Wood,3
942836,FL,ST  JOHNS COUNTY,0,18517.35,0,0,18517.35,26276.13,0,0,0,0,30.02103,-81.38432,Residential,Wood,3
666050,FL,ST  JOHNS COUNTY,0,1683.4,0,0,1683.4,2031.43,0,0,0,0,30.02103,-81.38432,Residential,Wood,3
895607,FL,ST  JOHNS COUNTY,0,1054.93,0,0,1054.93,1455.47,0,0,0,0,30.02103,-81.38432,Residential,Wood,3
832689,FL,ST  JOHNS COUNTY,0,14028.3,0,0,14028.3,23184.68,0,0,0,0,30.01061,-81.38249,Residential,Wood,3
278236,FL,ST  JOHNS COUNTY,0,1167.15,0,0,1167.15,1262.76,0,0,0,0,30.01061,-81.38249,Residential,Wood,3
613343,FL,ST  JOHNS COUNTY,0,1571.17,0,0,1571.17,2141.02,0,0,0,0,30.01061,-81.38249,Residential,Wood,3
730314,FL,ST  JOHNS COUNTY,0,1737.26,0,0,1737.26,2146.43,0,0,0,0,30.021275,-81.380765,Residential,Wood,4
700074,FL,ST  JOHNS COUNTY,0,448905.56,0,0,448905.56,549280.85,0,0,0,0,30.0095,-81.3921,Residential,Masonry,4
610022,FL,ST  JOHNS COUNTY,0,24521.47,0,0,24521.47,20980.27,0,0,0,0,30.0095,-81.3921,Residential,Wood,4
306242,FL,ST  JOHNS COUNTY,0,460128.2,0,0,460128.2,551401.53,0,0,0,0,29.802456,-81.320549,Residential,Masonry,1
982591,FL,ST  JOHNS COUNTY,0,89781.11,0,0,89781.11,88506.22,0,0,0,0,29.95132,-81.33211,Residential,Wood,1
863659,FL,ST  JOHNS COUNTY,0,336679.17,0,0,336679.17,275740.24,0,0,0,0,29.802456,-81.320549,Residential,Wood,1
631586,FL,ST  JOHNS COUNTY,0,448905.56,0,0,448905.56,398002.37,0,0,0,0,29.802456,-81.320549,Residential,Masonry,1
839176,FL,ST  JOHNS COUNTY,0,448905.56,0,0,448905.56,797824.15,0,0,0,0,29.802456,-81.320549,Residential,Masonry,1
336869,FL,ST  JOHNS COUNTY,0,448905.56,0,0,448905.56,457021.78,0,0,0,0,29.802456,-81.320549,Residential,Masonry,1
785489,FL,ST  JOHNS COUNTY,0,67335.83,0,0,67335.83,77171.71,0,0,0,0,29.802456,-81.320549,Residential,Wood,1
439322,FL,ST  JOHNS COUNTY,0,432071.61,0,0,432071.61,405317.73,0,0,0,0,29.968107,-81.344147,Residential,Masonry,1
572604,FL,ST  JOHNS COUNTY,0,621734.21,0,0,621734.21,897792.9,0,0,0,0,29.97043,-81.35315,Residential,Masonry,1
655053,FL,ST  JOHNS COUNTY,0,710766.77,0,0,710766.77,650109.93,0,0,0,0,29.96825,-81.344368,Residential,Masonry,1
855888,FL,ST  JOHNS COUNTY,0,710766.77,0,0,710766.77,739197.44,0,0,0,0,29.968393,-81.344597,Residential,Masonry,1
262277,FL,ST  JOHNS COUNTY,0,897811.13,0,0,897811.13,1295938.29,0,0,0,0,29.953365,-81.342766,Residential,Masonry,1
688520,FL,ST  JOHNS COUNTY,0,1122263.91,0,0,1122263.91,1870252.81,0,0,0,0,29.953365,-81.342766,Residential,Masonry,1
160892,FL,ST  JOHNS COUNTY,0,1458943.08,0,0,1458943.08,1860327.5,0,0,0,0,29.953365,-81.342766,Residential,Masonry,1
892209,FL,ST  JOHNS COUNTY,0,453698.75,0,0,453698.75,523145.51,0,0,0,0,29.95103,-81.340225,Residential,Masonry,1
803278,FL,ST  JOHNS COUNTY,0,522814.5,0,0,522814.5,728353.79,0,0,0,0,29.95103,-81.340225,Residential,Masonry,1
644349,FL,ST  JOHNS COUNTY,0,505181.49,0,0,505181.49,596003.02,0,0,0,0,29.95103,-81.340225,Residential,Masonry,1
867706,FL,ST  JOHNS COUNTY,0,576220.79,0,0,576220.79,757450.88,0,0,0,0,29.95103,-81.340225,Residential,Masonry,1
283980,FL,ST  JOHNS COUNTY,0,746305.5,0,0,746305.5,724186.5,0,0,0,0,29.954424,-81.33532,Residential,Masonry,1
165110,FL,HAMILTON COUNTY,173777.4,173777.4,173777.4,173777.4,173777.4,240692.65,0,0,0,0,30.329823,-82.75695,Residential,Wood,1
487759,FL,HAMILTON COUNTY,69660,69660,69660,69660,69660,72481.37,0,0,0,0,30.344585,-82.753355,Residential,Wood,3
330577,FL,HAMILTON COUNTY,0,164028.46,0,0,164028.46,231855.87,0,0,0,0,30.39699,-82.855395,Residential,Wood,3
243415,FL,HAMILTON COUNTY,0,237060.78,0,0,237060.78,303774.43,0,0,0,0,30.337524,-82.745621,Residential,Wood,1
145681,FL,HAMILTON COUNTY,0,95955.92,0,0,95955.92,171438.5,0,0,0,0,30.33055,-82.75794,Residential,Wood,3
552494,FL,HAMILTON COUNTY,0,20613.98,0,0,20613.98,29470.41,0,0,0,0,30.3683,-82.7515,Residential,Wood,1
427835,FL,NASSAU COUNTY,591649.2,591649.2,591649.2,591649.2,591649.2,819628.2,0,0,0,0,30.628055,-81.55991,Residential,Masonry,3
833066,FL,NASSAU COUNTY,1350,1350,1350,1350,1350,1615.2,0,0,0,0,30.628055,-81.55991,Residential,Wood,3
513513,FL,NASSAU COUNTY,0,17460000,0,0,17460000,27090000,0,0,0,0,30.628096,-81.555115,Commercial,Reinforced Concrete,3
653751,FL,NASSAU COUNTY,329530.5,329530.5,0,0,329530.5,341230.15,0,0,0,0,30.629881,-81.603287,Residential,Wood,1
970852,FL,NASSAU COUNTY,450017.1,450017.1,0,0,450017.1,489175.79,0,0,0,0,30.62224,-81.52914,Residential,Masonry,1
851371,FL,NASSAU COUNTY,0,1787577.35,0,0,1787577.35,2445856.28,0,0,0,0,30.612535,-81.630275,Residential,Masonry,4
371816,FL,NASSAU COUNTY,0,497542.93,0,0,497542.93,717456.9,0,0,0,0,30.623236,-81.635506,Residential,Masonry,3
717931,FL,NASSAU COUNTY,0,220094.9,0,0,220094.9,186299.33,0,0,0,0,30.623236,-81.635506,Residential,Wood,3
160596,FL,NASSAU COUNTY,0,2080634.06,0,0,2080634.06,3392057.7,0,0,0,0,30.6179,-81.6394,Commercial,Reinforced Masonry,4
751786,FL,NASSAU COUNTY,0,100210.57,0,0,100210.57,135067.82,0,0,0,0,30.6437,-81.6049,Residential,Wood,4
128061,FL,NASSAU COUNTY,0,158309.11,0,0,158309.11,120924.1,0,0,0,0,30.611267,-81.624535,Residential,Wood,1
700270,FL,NASSAU COUNTY,0,187528.45,0,0,187528.45,300555.6,0,0,0,0,30.623236,-81.635506,Residential,Wood,3
245124,FL,NASSAU COUNTY,0,40465.62,0,0,40465.62,43632.94,0,0,0,0,30.623236,-81.635506,Residential,Wood,3
444706,FL,NASSAU COUNTY,0,912765.11,0,0,912765.11,783590.6,0,0,0,0,30.634159,-81.604462,Residential,Masonry,1
443526,FL,NASSAU COUNTY,0,2146762.04,0,0,2146762.04,2018025.01,0,0,0,0,30.626427,-81.536522,Commercial,Reinforced Masonry,4
998224,FL,NASSAU COUNTY,0,18360000,0,0,18360000,27630000,0,0,0,0,30.628075,-81.554298,Commercial,Reinforced Concrete,3
960757,FL,NASSAU COUNTY,0,683999.51,0,0,683999.51,896509.94,0,0,0,0,30.6437,-81.6049,Residential,Masonry,4
727389,FL,NASSAU COUNTY,0,1746086.42,0,0,1746086.42,1537366.24,0,0,0,0,30.624624,-81.544579,Residential,Masonry,3
873299,FL,NASSAU COUNTY,0,2720127.63,0,0,2720127.63,3782337.47,0,0,0,0,30.627899,-81.553612,Commercial,Reinforced Masonry,3
881157,FL,NASSAU COUNTY,10381.5,10381.5,10381.5,10381.5,10381.5,8892.25,0,0,0,0,30.623301,-81.536659,Residential,Wood,3
453935,FL,NASSAU COUNTY,0,825986.24,0,0,825986.24,1042846.45,0,0,0,0,30.599669,-81.666603,Residential,Masonry,1
313002,FL,DUVAL COUNTY,2578.5,2578.5,2578.5,2578.5,2578.5,3866.2,0,0,0,0,30.3392,-81.7709,Residential,Wood,4
289820,FL,DUVAL COUNTY,0,293246.09,0,0,293246.09,303879.2,0,0,0,0,30.245523,-81.62899,Residential,Wood,4
844263,FL,DUVAL COUNTY,1212300,1212300,1212300,1212300,1212300,996601.52,0,0,0,0,30.36504,-81.556931,Residential,Masonry,4
943277,FL,DUVAL COUNTY,434925,434925,434925,434925,434925,465891.66,0,0,0,0,30.36504,-81.556931,Residential,Masonry,4
411984,FL,DUVAL COUNTY,0,2202158.85,0,0,2202158.85,2159348.88,0,0,0,0,30.486425,-81.6794,Commercial,Reinforced Masonry,4
277436,FL,DUVAL COUNTY,0,1352813.72,0,0,1352813.72,2330319.03,0,0,0,0,30.486425,-81.6794,Residential,Masonry,4
461765,FL,DUVAL COUNTY,849780.9,849780.9,849780.9,849780.9,849780.9,1481667.78,0,0,0,0,30.334684,-81.667236,Residential,Masonry,4
643484,FL,DUVAL COUNTY,322063.2,322063.2,0,0,322063.2,440194.05,0,0,0,0,30.19574,-81.56908,Residential,Wood,4
758811,FL,DUVAL COUNTY,0,904408.22,0,0,904408.22,1106763.23,0,0,0,0,30.3392,-81.7709,Residential,Masonry,4
805255,FL,DUVAL COUNTY,0,1117258.84,0,0,1117258.84,1198394.18,0,0,0,0,30.22054,-81.559019,Residential,Masonry,4
870206,FL,DUVAL COUNTY,2250000,2250000,2250000,2250000,2250000,2762262,0,67500,0,0,30.140963,-81.533152,Commercial,Reinforced Masonry,4
935677,FL,DUVAL COUNTY,4979.7,4979.7,4979.7,4979.7,4979.7,6683.7,0,0,0,0,30.140963,-81.533152,Residential,Wood,4
586078,FL,DUVAL COUNTY,43602.3,43602.3,43602.3,43602.3,43602.3,50983.3,0,0,0,0,30.140963,-81.533152,Residential,Wood,4
896829,FL,DUVAL COUNTY,49410000,49410000,49410000,49410000,49410000,84780000,0,0,0,0,30.140962,-81.533128,Commercial,Steel Frame,4
982848,FL,DUVAL COUNTY,7603.2,7603.2,7603.2,7603.2,7603.2,10617.87,0,0,0,0,30.140962,-81.533128,Residential,Wood,4
740295,FL,DUVAL COUNTY,5535900,5535900,5535900,5535900,5535900,5185056.8,0,166077,0,0,30.140962,-81.533128,Commercial,Reinforced Masonry,4
100141,FL,DUVAL COUNTY,494802,494802,494802,494802,494802,559055.01,0,0,0,0,30.140441,-81.523513,Residential,Masonry,4
833818,FL,DUVAL COUNTY,0,26557.37,0,0,26557.37,20117.21,0,0,0,0,30.336239,-81.523315,Residential,Wood,4
667865,FL,DUVAL COUNTY,0,136234.76,0,0,136234.76,114437.19,0,0,0,0,30.336239,-81.523315,Residential,Wood,4
708885,FL,DUVAL COUNTY,0,11241.22,0,0,11241.22,13766.27,0,0,0,0,30.336239,-81.523315,Residential,Wood,4
950607,FL,DUVAL COUNTY,0,396900,0,396900,396900,510680.12,0,0,0,0,30.24992,-81.5525,Residential,Masonry,4
913315,FL,LAKE COUNTY,0,310685.76,0,0,310685.76,290005.27,0,0,0,0,29.16476,-81.549945,Residential,Wood,4
364546,FL,LAKE COUNTY,238719.6,238719.6,0,0,238719.6,434035.2,0,0,0,0,29.16147,-81.635239,Residential,Wood,1
283068,FL,VOLUSIA COUNTY,0,407775.06,0,0,407775.06,351436.86,0,0,0,0,29.1869,-81.4211,Residential,Masonry,1
946537,FL,VOLUSIA COUNTY,0,15719.22,0,0,15719.22,23932.51,0,0,0,0,29.1869,-81.4211,Residential,Wood,1
